Author,Date,Text
a***r,1 week ago | Color:46pcs/set_Black,rm4 je
MOHD.,3 weeks ago | Color:46pcs/set_Red,"Complete set for all your repair needs, Essential for car, motorcycle, and bicycle repairs, Easy to use ratchet spanner wrench, Convenient and compact tool box design, Compact and portable for on-the-go repairs,"
Zainal Bin Othman,12 Aug 2025 | Color:46pcs/set_Red,"Titik harga yang baik, Mesra bajet,"
MOHD.,03 Jan 2026 | Color:46pcs/set_Red,"Ideal for DIY enthusiasts and professionals, Compact and portable for on-the-go repairs,"
Nadarajah,25 Jan 2026 | Color:46pcs/set_Black,"Complete set for all your repair needs,"
SB LIM,17 Jan 2025 | Color family:46pcs/set,46 pcs in 1 set. Completed. Buying this tool is a tool to prevent any problems with my car in the future. I have it.
*******806,14 Dec 2024 | Color:46pcs/set,Brg sudah dterima dgn selamat. Pembungkusaan ok. Tidak ada yg pecah dan hilang.T.kasih seller.
guest,15 Jul 2025 | Color family:46pcs/set,"Ideal for DIY enthusiasts and professionals, High-quality chrome vanadium material, Essential for car, motorcycle, and bicycle repairs, barang dah Smpai semalam"
Md Hasan,01 Jul 2025 | Color family:46pcs,nic
MOHD.,19 Dec 2025 | Color:46pcs/set_Red,"Easy to use ratchet spanner wrench, Ideal for DIY enthusiasts and professionals, Durable and long-lasting tools,"
M***i,13 Nov 2025 | Color Family:46pcs/set_Black,"Set alat serbaguna untuk pelbagai pembaikan, Penting untuk pembaikan kereta, motosikal, dan basikal,"
Ying choy,6 days ago | Color:46pcs/set_Black,Quality is good next time by again thank 👍👍🙏
Suhaimee,1 week ago | Color:46pcs/set_Red,Prodack dh quality baik
L***W,13 Nov 2023 | Color family:46pcs/set,Product quality is good and the parcel is well packing and the delivery is fast too.
S***b,04 Jan 2025 | Color family:25 In 1,cjeap
Fatimah,16 Jun 2025 | Color family:46pcs/set,"Ideal for DIY enthusiasts and professionals, Versatile tool set for various repairs,"
Idris,10 Jun 2025 | Color family:46pcs/set,"Versatile tool set for various repairs, ok"
Saravanan Hanan,11 Jul 2024 | Color family:46pcs/set,"46pcs/ set tool kit Convenient and compact tool box design, High-quality chrome vanadium material and  essential for car, motorcycle, and bicycle repairs received with good condition. tq"
S***b,04 Jan 2025 | Color family:115 in 1,cheap
Abiperubatanislam,18 Dec 2025 | Color:46pcs/set_Black,terbaekkkk
*******090,19 Feb 2025 | Color family:46pcs/set,affordable
LAI HOON HUAN,07 Aug 2025 | Color family:46pcs/set_Red,"Durable and long-lasting tools, Ideal for DIY enthusiasts and professionals, ＾＆＾“““
”””：：：：："
Nurdin Dino,05 Feb 2024 | Color:46pcs/set,Barang dah sampai dan telah diterima harap ia tahan untuk di gunakan.Apa apapun barang terbaik dan terima kasih seller 👍
khairil baqir,22 Nov 2024 | Color:40-in-1,"Sepana ratchet yang mudah digunakan, Sepana ratchet yang mudah digunakan, Sepana ratchet yang mudah digunakan, Sepana ratchet yang mudah digunakan, Sepana ratchet yang mudah digunakan, Kompak dan mudah alih untuk pembaikan semasa dalam perjalanan, Sepana ratchet yang mudah digunakan, Sepana ratchet yang mudah digunakan,"
Ahmad yusrizal,04 Dec 2024 | Color:46pcs/set,"Nilai hebat untuk wang, Reka bentuk kotak alat yang mudah dan kompak, Sesuai untuk peminat DIY dan profesional, ."
P***l,26 Jul 2023 | Color family:46pcs/set,good ok la . ingat besar . 😂 tq seller
Fatimah,16 Jun 2025 | Color family:115 in 1,good
leokuek12,11 Jul 2025 | Color family:46pcs/set,盒子有小破洞
Hadley,20 Mar 2025 | Color family:115 in 1,Great value for money. Been needing a small set and thsi works well for me
S***i,6 days ago | Color:46pcs/set_Black,"Multiple functional.A tour with a self locking.With a clockwise and anti clockwise is very useful and they have.Different kinds of like, like like the school hat and yeah, it's really good. It's a it's a price is good and the quality is durable is good.I like it."
Syed Sharul Ryzal,18 Jul 2023 | Color family:46pcs/set,barangan sudah sampai ke rumah dan saya mengucapkan terima kasih kepada penjual dan semoga kita dapat berurusan di lain masa.
Lazada Guest,17 Nov 2025 | Color:46pcs/set_Red,Murah siot
S***m,13 Jun 2025 | Color:46pcs/set,"Set lengkap untuk semua keperluan pembaikan anda, Bahan krom vanadium berkualiti tinggi,"
lm2205304,03 Aug 2025 | Color:46pcs/set_Black,barang keci igat kan besar emmm
dominic,6 days ago | Color:46pcs/set_Black,item quality normal not so good but still can be use. good packaging
Lowkokkeong,26 Feb 2025 | Color family:46pcs/set,"Versatile tool set for various repairs, Compact and portable for on-the-go repairs,"
J***5,08 Feb 2025 | Color family:46pcs/set,"Easy to use ratchet spanner wrench, Ideal for DIY enthusiasts and professionals,"
J***i,02 Jan 2026 | Color:46pcs/set_Black,Barang dah dapat.. Terima kasih.. Barang semua cukup... Mainan en. Suami
Azlan,10 Jul 2025 | Color family:46pcs/set,berbaloi dengan harganya harap boleh tahanlah untuk kegunaan kerja ringan kualiti biasa sahaja
*******352,16 Dec 2023 | Color:40-in-1,Dok..lagi..baru sapa dari p.mas..di rumoh..adik di permaisuri..tidor situ dulu..esok gi atar la di UMT..pah..tolak kelik selalu esok😊
Zaidikamal38,31 Dec 2025 | Color:46pcs/set_Red,"Terpaling function, sampai je barang, time memang tggu nk tuko seat Moto, terus test haha, A trus"
guest,20 Mar 2025 | Color family:32 In 1,"Essential for car, motorcycle, and bicycle repairs, Ideal for DIY enthusiasts and professionals,"
S***l,22 Feb 2025 | Color family:46pcs/set,"terbaik barang cepat sampai, agak kecewa mata untuk buka skru no 8 tiada.  spanner L kecik sangat, jika anda niat beli tool ini untuk repair kenderaan baik lupakan. tool ini untuk repair barang mainan budak2 je. iklan gempak boleh buat repair enjin kenderaan . 👍"
MR. AJ,21 Jul 2025 | Color:46pcs/set_Black,barang Sudah mendarat puas hati..Next time boleh beli lagi kat kedai ni..delivery service padu fast..TQ semua yg terlibat..Den bagi 5 ⭐⭐⭐⭐⭐yeaahhh..
Thiru Kumaran,22 Feb 2025 | Color family:46pcs/set,"Convenient and compact tool box design, Versatile tool set for various repairs,"
MOHD.,2 weeks ago | Color:46pcs/set_Red,"Versatile tool set for various repairs, High-quality chrome vanadium material, Compact and portable for on-the-go repairs, Easy to use ratchet spanner wrench, Essential for car, motorcycle, and bicycle repairs, Great value for money,"
jerryching,4 days ago | Color:46pcs/set_Black,Item Received In Good Packing And Conditions... Recommend Seller...Thanks
梁***h,3 weeks ago | Color:46pcs/set_Red,"Convenient and compact tool box design, Ideal for DIY enthusiasts and professionals,"
sanjalibun,05 Jul 2025 | Color:46pcs,"Set alat serbaguna untuk pelbagai pembaikan, Bahan krom vanadium berkualiti tinggi, Penting untuk pembaikan kereta, motosikal, dan basikal,"
0***6,16 Nov 2023 | Color family:46pcs/set,"Versatile tool set for various repairs, Easy to use ratchet spanner wrench, Durable and long-lasting tools, Durable and long-lasting tools, Ideal for DIY enthusiasts and professionals,"
